<component name="ProjectRunConfigurationManager">
  <configuration default="false" name="Tomcat 8.5.69" type="#com.intellij.j2ee.web.tomcat.TomcatRunConfigurationFactory" factoryName="Local" APPLICATION_SERVER_NAME="Tomcat 8.5.69" ALTERNATIVE_JRE_ENABLED="false" nameIsGenerated="true">
    <option name="COMMON_VM_ARGUMENTS" value="-Dfile.encoding=UTF-8" />
    <option name="UPDATE_ON_FRAME_DEACTIVATION" value="true" />
    <option name="UPDATE_CLASSES_ON_FRAME_DEACTIVATION" value="true" />
    <deployment>
      <artifact name="SIST2_Travel2:war exploded">
        <settings>
          <option name="CONTEXT_PATH" value="/SIST2_Travel" />
        </settings>
      </artifact>
    </deployment>
    <server-settings>
      <option name="BASE_DIRECTORY_NAME" value="ef13da57-c4ff-4d8c-8e86-402a1bd461b0" />
      <option name="HTTP_PORT" value="6974" />
      <option name="JNDI_PORT" value="1098" />
    </server-settings>
    <predefined_log_file enabled="true" id="Tomcat" />
    <predefined_log_file enabled="true" id="Tomcat Catalina" />
    <predefined_log_file id="Tomcat Manager" />
    <predefined_log_file id="Tomcat Host Manager" />
    <predefined_log_file id="Tomcat Localhost Access" />
    <RunnerSettings RunnerId="Debug">
      <option name="DEBUG_PORT" value="3715" />
    </RunnerSettings>
    <ConfigurationWrapper VM_VAR="JAVA_OPTS" RunnerId="Cover">
      <option name="USE_ENV_VARIABLES" value="true" />
      <STARTUP>
        <option name="USE_DEFAULT" value="true" />
        <option name="SCRIPT" value="" />
        <option name="VM_PARAMETERS" value="" />
        <option name="PROGRAM_PARAMETERS" value="" />
      </STARTUP>
      <SHUTDOWN>
        <option name="USE_DEFAULT" value="true" />
        <option name="SCRIPT" value="" />
        <option name="VM_PARAMETERS" value="" />
        <option name="PROGRAM_PARAMETERS" value="" />
      </SHUTDOWN>
    </ConfigurationWrapper>
    <ConfigurationWrapper VM_VAR="JAVA_OPTS" RunnerId="Debug">
      <option name="USE_ENV_VARIABLES" value="true" />
      <STARTUP>
        <option name="USE_DEFAULT" value="true" />
        <option name="SCRIPT" value="" />
        <option name="VM_PARAMETERS" value="" />
        <option name="PROGRAM_PARAMETERS" value="" />
      </STARTUP>
      <SHUTDOWN>
        <option name="USE_DEFAULT" value="true" />
        <option name="SCRIPT" value="" />
        <option name="VM_PARAMETERS" value="" />
        <option name="PROGRAM_PARAMETERS" value="" />
      </SHUTDOWN>
    </ConfigurationWrapper>
    <ConfigurationWrapper VM_VAR="JAVA_OPTS" RunnerId="Profile">
      <option name="USE_ENV_VARIABLES" value="true" />
      <STARTUP>
        <option name="USE_DEFAULT" value="true" />
        <option name="SCRIPT" value="" />
        <option name="VM_PARAMETERS" value="" />
        <option name="PROGRAM_PARAMETERS" value="" />
      </STARTUP>
      <SHUTDOWN>
        <option name="USE_DEFAULT" value="true" />
        <option name="SCRIPT" value="" />
        <option name="VM_PARAMETERS" value="" />
        <option name="PROGRAM_PARAMETERS" value="" />
      </SHUTDOWN>
    </ConfigurationWrapper>
    <ConfigurationWrapper VM_VAR="JAVA_OPTS" RunnerId="Run">
      <option name="USE_ENV_VARIABLES" value="true" />
      <STARTUP>
        <option name="USE_DEFAULT" value="true" />
        <option name="SCRIPT" value="" />
        <option name="VM_PARAMETERS" value="" />
        <option name="PROGRAM_PARAMETERS" value="" />
      </STARTUP>
      <SHUTDOWN>
        <option name="USE_DEFAULT" value="true" />
        <option name="SCRIPT" value="" />
        <option name="VM_PARAMETERS" value="" />
        <option name="PROGRAM_PARAMETERS" value="" />
      </SHUTDOWN>
    </ConfigurationWrapper>
    <method v="2">
      <option name="Make" enabled="true" />
      <option name="BuildArtifacts" enabled="true">
        <artifact name="SIST2_Travel2:war exploded" />
      </option>
    </method>
  </configuration>
</component>